TOTAL NACIONAL,
    Total,20.282.642,20.199.588,20.111.719,20.017.505,19.915.062,19.803.235,19.688.204,19.569.720,19.445.001,19.314.040,19.181.248,19.049.222,18.915.328,18.771.653,18.637.505,18.503.541,
    1 persona,5.839.672,5.777.695,5.715.177,5.650.566,5.580.536,5.504.140,5.428.654,5.352.734,5.272.141,5.189.506,5.106.471,5.027.646,4.949.577,4.860.451,4.784.762,4.705.381,
    2 personas,6.405.148,6.362.282,6.316.675,6.268.968,6.219.140,6.166.118,6.110.818,6.055.677,6.000.358,5.941.748,5.886.303,5.832.454,5.778.783,5.725.491,5.671.831,5.621.911,
    3 personas,3.834.693,3.843.070,3.849.928,3.855.446,3.860.233,3.864.160,3.867.429,3.869.387,3.871.204,3.872.489,3.872.480,3.871.003,3.868.520,3.867.133,3.864.010,3.862.043,
    4 personas,3.102.274,3.117.380,3.132.475,3.146.967,3.161.500,3.176.808,3.191.313,3.204.305,3.216.382,3.228.184,3.237.300,3.243.441,3.248.007,3.252.420,3.255.088,3.256.789,
    5 personas o más,1.100.854,1.099.162,1.097.464,1.095.558,1.093.653,1.092.008,1.089.990,1.087.617,1.084.916,1.082.113,1.078.694,1.074.677,1.070.441,1.066.157,1.061.814,1.057.417,
ANDALUCÍA,
    Total,3.527.107,3.511.939,3.496.131,3.479.303,3.460.700,3.440.223,3.418.845,3.397.241,3.374.338,3.350.342,3.326.162,3.302.781,3.279.150,3.253.680,3.229.703,3.205.765,
    1 persona,953.153,941.339,929.620,917.814,904.728,890.250,875.831,861.839,846.741,831.457,816.058,802.084,788.597,772.952,759.457,745.752,
    2 personas,1.096.561,1.086.343,1.075.714,1.064.428,1.052.666,1.040.269,1.027.129,1.014.048,1.000.972,987.101,974.150,961.770,949.265,936.926,924.667,912.713,
    3 personas,692.114,692.970,693.480,693.685,693.750,693.624,693.362,692.750,692.169,691.507,690.617,689.384,687.883,686.574,684.967,683.477,
    4 personas,604.414,608.489,612.538,616.580,620.713,625.103,629.431,633.426,637.267,641.080,644.261,646.704,648.837,650.959,652.667,654.229,
    5 personas o más,180.864,182.798,184.780,186.797,188.842,190.977,193.092,195.177,197.189,199.198,201.076,202.839,204.568,206.269,207.946,209.594,
Almería,
    Total,313.846,310.838,307.752,304.541,301.207,297.711,294.164,290.559,286.925,283.219,279.506,275.832,272.072,268.208,264.477,260.748,
    1 persona,80.524,79.144,77.749,76.320,74.834,73.235,71.659,70.091,68.528,66.962,65.419,63.948,62.462,60.837,59.411,57.921,
    2 personas,94.382,93.193,91.974,90.720,89.410,88.060,86.674,85.261,83.870,82.426,81.036,79.707,78.331,76.995,75.610,74.304,
    3 personas,58.641,58.485,58.305,58.093,57.867,57.612,57.356,57.075,56.786,56.493,56.176,55.839,55.484,55.136,54.774,54.421,
    4 personas,58.381,58.083,57.778,57.453,57.134,56.828,56.501,56.165,55.800,55.429,55.017,54.551,54.080,53.610,53.132,52.645,
    5 personas o más,21.919,21.933,21.945,21.954,21.962,21.978,21.975,21.968,21.943,21.909,21.858,21.787,21.714,21.631,21.550,21.457,
Cádiz,
    Total,502.239,500.606,498.950,497.057,495.020,492.703,490.266,487.783,485.148,482.349,479.519,476.864,474.142,471.167,468.245,465.376,
    1 persona,130.226,128.465,126.763,124.975,123.066,120.945,118.852,116.764,114.561,112.339,110.068,108.099,106.172,103.980,101.942,99.979,
    2 personas,153.147,151.639,150.107,148.373,146.642,144.802,142.832,140.875,138.896,136.787,134.823,132.894,130.928,128.951,126.927,124.944,
    3 personas,109.199,109.351,109.450,109.512,109.555,109.575,109.561,109.505,109.460,109.395,109.319,109.184,109.016,108.877,108.718,108.553,
    4 personas,85.301,86.460,87.605,88.814,90.015,91.266,92.524,93.755,94.967,96.179,97.294,98.311,99.291,100.270,101.215,102.109,
    5 personas o más,24.366,24.692,25.025,25.383,25.742,26.116,26.498,26.885,27.265,27.650,28.015,28.376,28.736,29.088,29.444,29.791,
Córdoba,
    Total,308.763,308.874,308.945,309.010,308.855,308.567,308.195,307.818,307.332,306.702,306.077,305.555,305.018,304.323,303.760,303.111,
    1 persona,87.457,86.659,85.876,85.155,84.223,83.145,82.093,81.100,79.959,78.745,77.525,76.437,75.390,74.112,73.049,71.889,
    2 personas,99.748,99.364,98.931,98.433,97.872,97.299,96.578,95.836,95.127,94.278,93.494,92.771,92.022,91.296,90.555,89.796,
    3 personas,58.149,58.547,58.919,59.275,59.641,60.005,60.367,60.687,61.036,61.395,61.742,62.060,62.360,62.696,62.994,63.303,
    4 personas,50.531,51.137,51.752,52.375,53.036,53.719,54.435,55.140,55.834,56.575,57.279,57.926,58.562,59.211,59.828,60.461,
    5 personas o más,12.877,13.168,13.467,13.773,14.083,14.399,14.723,15.054,15.376,15.709,16.037,16.360,16.683,17.007,17.333,17.662,
Granada,
    Total,397.796,396.113,394.376,392.541,390.523,388.266,385.897,383.571,381.130,378.684,376.301,374.024,371.731,369.270,367.062,364.819,
    1 persona,122.087,120.604,119.111,117.602,115.973,114.155,112.315,110.578,108.729,106.940,105.193,103.594,102.029,100.212,98.726,97.167,
    2 personas,128.167,127.082,125.947,124.762,123.487,122.084,120.591,119.091,117.601,116.059,114.655,113.302,111.922,110.591,109.247,107.898,
    3 personas,69.557,69.667,69.766,69.841,69.904,69.953,69.994,70.010,70.033,70.051,70.038,70.003,69.948,69.923,69.867,69.832,
    4 personas,59.996,60.529,61.073,61.608,62.172,62.806,63.442,64.052,64.648,65.233,65.746,66.197,66.641,67.087,67.501,67.928,
    5 personas o más,17.989,18.230,18.479,18.728,18.987,19.269,19.555,19.839,20.119,20.400,20.669,20.928,21.192,21.457,21.721,21.993,
Huelva,
    Total,214.159,213.261,212.294,211.268,210.156,208.930,207.650,206.433,205.165,203.834,202.482,201.197,199.916,198.523,197.219,195.971,
    1 persona,55.017,54.382,53.739,53.093,52.396,51.611,50.827,50.148,49.401,48.648,47.879,47.233,46.628,45.866,45.249,44.683,
    2 personas,64.814,64.119,63.386,62.618,61.816,60.977,60.118,59.284,58.504,57.672,56.886,56.119,55.350,54.619,53.876,53.133,
    3 personas,44.571,44.620,44.645,44.644,44.633,44.611,44.576,44.517,44.453,44.387,44.307,44.201,44.083,43.980,43.859,43.745,
    4 personas,36.712,37.012,37.316,37.622,37.938,38.273,38.593,38.880,39.143,39.407,39.642,39.835,40.010,40.181,40.329,40.473,
    5 personas o más,13.046,13.128,13.210,13.291,13.373,13.457,13.535,13.604,13.663,13.720,13.768,13.808,13.845,13.877,13.907,13.937,
Jaén,
    Total,237.857,238.560,239.323,240.029,240.581,241.015,241.446,241.962,242.309,242.582,242.899,243.324,243.756,243.903,244.384,244.736,
    1 persona,65.116,64.820,64.635,64.429,64.061,63.580,63.164,62.825,62.326,61.782,61.226,60.761,60.333,59.516,59.128,58.541,
    2 personas,74.661,74.446,74.210,73.925,73.596,73.211,72.761,72.383,71.912,71.367,70.949,70.610,70.259,69.916,69.623,69.352,
    3 personas,46.632,46.940,47.201,47.445,47.698,47.951,48.179,48.365,48.578,48.784,48.970,49.126,49.260,49.446,49.526,49.641,
    4 personas,43.554,44.206,44.858,45.527,46.224,46.957,47.699,48.405,49.155,49.936,50.659,51.336,52.003,52.699,53.336,53.974,
    5 personas o más,7.893,8.148,8.419,8.703,9.001,9.316,9.643,9.985,10.338,10.713,11.096,11.490,11.901,12.325,12.773,13.229,
Málaga,
    Total,759.552,753.886,747.966,741.743,734.986,727.833,720.308,712.528,704.388,695.899,687.210,678.454,669.632,660.470,651.524,642.811,
    1 persona,194.140,191.985,189.833,187.660,185.205,182.557,179.833,177.111,174.227,171.304,168.334,165.541,162.909,159.967,157.319,154.763,
    2 personas,242.946,240.141,237.231,234.203,231.030,227.737,224.247,220.729,217.151,213.379,209.726,206.121,202.512,198.925,195.339,191.932,
    3 personas,150.440,149.863,149.198,148.447,147.633,146.751,145.826,144.807,143.740,142.632,141.441,140.170,138.812,137.459,136.086,134.742,
    4 personas,129.753,129.535,129.268,128.939,128.579,128.210,127.804,127.293,126.719,126.093,125.322,124.387,123.344,122.264,121.135,119.956,
    5 personas o más,42.273,42.361,42.436,42.494,42.539,42.577,42.599,42.587,42.551,42.491,42.387,42.235,42.056,41.856,41.644,41.418,
Sevilla,
    Total,792.894,789.802,786.526,783.113,779.373,775.197,770.919,766.588,761.941,757.072,752.169,747.531,742.882,737.815,733.032,728.192,
    1 persona,218.587,215.280,211.915,208.578,204.970,201.023,197.088,193.220,189.011,184.738,180.415,176.471,172.674,168.462,164.633,160.809,
    2 personas,238.695,236.359,233.928,231.395,228.813,226.099,223.329,220.590,217.911,215.132,212.581,210.244,207.941,205.633,203.491,201.355,
    3 personas,154.925,155.498,155.996,156.427,156.819,157.165,157.504,157.784,158.083,158.371,158.624,158.800,158.919,159.057,159.143,159.239,
    4 personas,140.185,141.526,142.888,144.241,145.615,147.044,148.434,149.738,151.002,152.227,153.302,154.161,154.906,155.638,156.192,156.683,
    5 personas o más,40.502,41.138,41.799,42.472,43.155,43.866,44.565,45.256,45.934,46.604,47.246,47.854,48.442,49.026,49.573,50.106,
ARAGÓN,
    Total,564.738,563.361,561.931,560.287,558.536,556.538,554.571,552.524,550.458,548.279,546.152,544.117,542.116,540.000,538.235,536.524,
    1 persona,174.403,172.835,171.288,169.632,167.839,165.840,163.916,161.944,159.909,157.859,155.832,153.909,151.999,149.896,148.213,146.494,
    2 personas,187.103,185.984,184.806,183.527,182.295,180.980,179.623,178.271,176.999,175.574,174.271,173.018,171.812,170.650,169.490,168.437,
    3 personas,103.315,103.809,104.269,104.712,105.137,105.556,105.990,106.414,106.848,107.299,107.728,108.156,108.576,109.034,109.452,109.878,
    4 personas,78.398,79.060,79.735,80.425,81.114,81.844,82.567,83.270,83.940,84.644,85.297,85.897,86.478,87.058,87.604,88.125,
    5 personas o más,21.519,21.673,21.832,21.990,22.150,22.317,22.476,22.625,22.761,22.902,23.025,23.138,23.252,23.363,23.477,23.591,
Huesca,
    Total,92.565,92.344,92.105,91.846,91.542,91.229,90.913,90.581,90.240,89.887,89.536,89.195,88.867,88.535,88.221,87.934,
    1 persona,28.927,28.620,28.311,27.992,27.635,27.264,26.904,26.532,26.141,25.744,25.347,24.962,24.584,24.184,23.809,23.440,
    2 personas,29.162,29.075,28.974,28.861,28.734,28.616,28.482,28.343,28.216,28.075,27.944,27.816,27.696,27.591,27.471,27.379,
    3 personas,18.906,18.901,18.892,18.879,18.863,18.842,18.823,18.804,18.787,18.768,18.750,18.730,18.706,18.688,18.663,18.638,
    4 personas,10.289,10.488,10.692,10.903,11.121,11.341,11.565,11.792,12.020,12.256,12.490,12.722,12.956,13.189,13.430,13.668,
    5 personas o más,5.282,5.259,5.235,5.211,5.190,5.166,5.139,5.110,5.076,5.043,5.005,4.965,4.926,4.884,4.848,4.810,
Teruel,
    Total,51.901,52.014,52.115,52.204,52.292,52.375,52.454,52.558,52.669,52.786,52.923,53.101,53.277,53.437,53.689,53.942,
    1 persona,15.621,15.560,15.502,15.425,15.348,15.265,15.175,15.104,15.025,14.946,14.878,14.831,14.769,14.671,14.660,14.620,
    2 personas,17.290,17.274,17.235,17.203,17.158,17.107,17.045,16.989,16.938,16.878,16.825,16.792,16.749,16.712,16.681,16.667,
    3 personas,8.907,8.995,9.081,9.172,9.265,9.360,9.460,9.560,9.667,9.778,9.892,10.009,10.132,10.258,10.387,10.521,
    4 personas,7.765,7.859,7.958,8.054,8.159,8.269,8.385,8.503,8.625,8.755,8.886,9.015,9.156,9.307,9.454,9.608,
    5 personas o más,2.316,2.326,2.339,2.349,2.362,2.375,2.388,2.402,2.414,2.428,2.442,2.455,2.471,2.489,2.507,2.526,
Zaragoza,
    Total,420.272,419.004,417.710,416.237,414.702,412.934,411.205,409.385,407.549,405.606,403.693,401.821,399.971,398.027,396.325,394.647,
    1 persona,129.855,128.655,127.475,126.214,124.856,123.312,121.837,120.308,118.743,117.169,115.606,114.115,112.646,111.041,109.743,108.434,
    2 personas,140.651,139.636,138.597,137.464,136.404,135.257,134.096,132.939,131.845,130.621,129.502,128.410,127.366,126.347,125.339,124.391,
    3 personas,75.502,75.913,76.295,76.662,77.009,77.354,77.707,78.049,78.394,78.753,79.085,79.417,79.738,80.088,80.402,80.719,
    4 personas,60.344,60.713,61.085,61.468,61.834,62.235,62.617,62.974,63.296,63.633,63.921,64.161,64.366,64.562,64.719,64.849,
    5 personas o más,13.921,14.087,14.258,14.429,14.599,14.776,14.948,15.114,15.271,15.430,15.579,15.718,15.855,15.990,16.123,16.255,
ASTURIAS, PRINCIPADO DE,
    Total,447.047,447.995,448.904,449.753,450.420,450.996,451.489,451.925,452.270,452.530,452.760,453.029,453.223,453.268,453.361,453.451,
    1 persona,159.250,158.101,156.940,155.735,154.351,152.862,151.339,149.749,148.072,146.378,144.660,143.078,141.436,139.658,137.972,136.198,
    2 personas,156.169,156.131,156.063,156.031,155.956,155.907,155.773,155.687,155.581,155.374,155.210,154.968,154.708,154.391,154.025,153.746,
    3 personas,80.269,81.462,82.651,83.814,84.982,86.141,87.325,88.493,89.673,90.875,92.056,93.236,94.414,95.620,96.832,98.057,
    4 personas,42.910,43.575,44.239,44.874,45.531,46.178,46.827,47.450,48.070,48.692,49.282,49.849,50.409,50.975,51.530,52.063,
    5 personas o más,8.449,8.726,9.011,9.299,9.600,9.909,10.225,10.546,10.874,11.211,11.551,11.898,12.256,12.623,13.002,13.387,
BALEARS, ILLES,
    Total,536.896,532.919,528.721,524.240,519.429,514.257,508.885,503.272,497.421,491.230,484.937,478.482,471.992,465.252,458.783,452.493,
    1 persona,129.718,128.246,126.798,125.340,123.800,122.129,120.521,118.911,117.276,115.561,113.899,112.316,110.844,109.227,107.868,106.555,
    2 personas,163.486,162.454,161.323,160.099,158.786,157.332,155.812,154.210,152.570,150.814,149.088,147.321,145.559,143.703,141.944,140.248,
    3 personas,104.467,104.172,103.813,103.382,102.899,102.367,101.770,101.114,100.412,99.648,98.828,97.934,96.984,96.032,95.058,94.122,
    4 personas,92.365,91.861,91.326,90.736,90.092,89.436,88.704,87.917,87.047,86.129,85.123,84.028,82.864,81.694,80.476,79.275,
    5 personas o más,46.860,46.186,45.461,44.682,43.853,42.994,42.078,41.120,40.116,39.077,37.999,36.883,35.741,34.595,33.438,32.293,
CANARIAS,
    Total,1.007.521,999.653,991.387,982.525,973.083,963.041,952.523,941.403,929.737,917.515,904.950,891.961,878.763,865.338,852.358,839.882,
    1 persona,253.297,250.036,246.774,243.421,239.968,236.406,232.809,229.083,225.251,221.364,217.505,213.598,209.785,205.875,202.377,199.043,
    2 personas,312.115,308.496,304.751,300.786,296.648,292.281,287.737,283.037,278.168,273.097,268.056,262.975,257.887,252.838,247.971,243.386,
    3 personas,218.456,217.749,216.914,215.917,214.760,213.438,211.989,210.390,208.664,206.784,204.731,202.535,200.194,197.802,195.345,192.980,
    4 personas,155.877,155.915,155.865,155.738,155.513,155.227,154.854,154.369,153.789,153.110,152.261,151.262,150.144,148.934,147.643,146.319,
    5 personas o más,67.776,67.457,67.083,66.664,66.194,65.689,65.132,64.523,63.865,63.159,62.398,61.591,60.754,59.889,59.021,58.153,
Palmas, Las,
    Total,509.053,505.283,501.347,497.120,492.677,487.983,483.076,477.911,472.536,466.904,461.145,455.228,449.253,443.179,437.353,431.692,
    1 persona,128.221,126.582,124.956,123.275,121.579,119.845,118.097,116.298,114.467,112.608,110.782,108.945,107.179,105.377,103.801,102.291,
    2 personas,157.337,155.540,153.676,151.680,149.603,147.426,145.149,142.796,140.358,137.808,135.276,132.756,130.240,127.739,125.360,123.056,
    3 personas,114.038,113.456,112.817,112.111,111.342,110.506,109.616,108.663,107.665,106.602,105.466,104.274,103.023,101.752,100.452,99.188,
    4 personas,74.396,74.687,74.949,75.193,75.400,75.579,75.736,75.848,75.933,75.987,75.963,75.860,75.701,75.494,75.229,74.950,
    5 personas o más,35.061,35.018,34.949,34.862,34.753,34.627,34.478,34.306,34.113,33.899,33.658,33.393,33.110,32.816,32.511,32.206,
Santa Cruz de Tenerife,
    Total,498.468,494.370,490.040,485.405,480.406,475.057,469.447,463.493,457.201,450.611,443.805,436.733,429.510,422.159,415.005,408.190,
    1 persona,125.076,123.455,121.818,120.146,118.389,116.561,114.712,112.785,110.784,108.756,106.723,104.652,102.606,100.497,98.576,96.752,
    2 personas,154.778,152.956,151.074,149.106,147.045,144.855,142.588,140.241,137.810,135.289,132.780,130.219,127.646,125.099,122.611,120.330,
    3 personas,104.418,104.293,104.097,103.806,103.418,102.932,102.374,101.728,100.999,100.183,99.265,98.261,97.171,96.050,94.893,93.792,
    4 personas,81.481,81.228,80.916,80.544,80.113,79.647,79.118,78.521,77.856,77.123,76.298,75.402,74.443,73.439,72.414,71.369,
    5 personas o más,32.715,32.439,32.135,31.802,31.442,31.062,30.654,30.218,29.752,29.260,28.740,28.199,27.644,27.073,26.510,25.947,
CANTABRIA,
    Total,249.115,248.849,248.537,248.147,247.712,247.141,246.561,245.927,245.238,244.551,243.785,243.063,242.311,241.496,240.703,239.961,
    1 persona,79.359,78.622,77.881,77.080,76.255,75.342,74.447,73.529,72.582,71.667,70.726,69.850,68.989,68.079,67.259,66.470,
    2 personas,84.109,83.588,83.045,82.448,81.856,81.208,80.539,79.851,79.142,78.444,77.704,76.987,76.247,75.488,74.690,73.925,
    3 personas,44.941,45.358,45.761,46.175,46.577,46.975,47.389,47.804,48.219,48.629,49.038,49.444,49.849,50.259,50.660,51.070,
    4 personas,31.986,32.437,32.882,33.348,33.802,34.266,34.709,35.140,35.564,35.959,36.342,36.689,37.016,37.344,37.651,37.939,
    5 personas o más,8.720,8.843,8.967,9.096,9.223,9.351,9.477,9.603,9.730,9.853,9.974,10.093,10.210,10.326,10.444,10.556,
CASTILLA Y LEÓN,
    Total,993.029,995.624,997.972,1.000.051,1.001.870,1.003.405,1.004.979,1.006.417,1.007.630,1.008.783,1.009.875,1.011.109,1.012.463,1.013.443,1.014.934,1.016.567,
    1 persona,337.408,335.404,333.330,331.022,328.498,325.705,323.043,320.288,317.222,314.135,310.993,308.010,305.092,301.684,298.887,295.976,
    2 personas,335.442,335.609,335.535,335.402,335.111,334.725,334.208,333.659,333.068,332.339,331.672,331.043,330.456,329.837,329.224,328.870,
    3 personas,176.411,178.107,179.778,181.444,183.139,184.828,186.534,188.233,189.992,191.786,193.560,195.314,197.076,198.902,200.652,202.438,
    4 personas,117.185,119.303,121.487,123.694,125.972,128.321,130.677,133.023,135.426,137.877,140.282,142.641,144.992,147.408,149.774,152.098,
    5 personas o más,26.584,27.202,27.842,28.490,29.150,29.827,30.517,31.214,31.922,32.647,33.368,34.100,34.847,35.613,36.396,37.184,
Ávila,
    Total,61.896,62.202,62.485,62.786,63.047,63.302,63.550,63.827,64.086,64.350,64.610,64.894,65.190,65.466,65.812,66.192,
    1 persona,20.927,20.833,20.737,20.644,20.520,20.385,20.261,20.152,20.028,19.902,19.779,19.669,19.561,19.409,19.332,19.248,
    2 personas,19.708,19.825,19.920,20.025,20.110,20.197,20.263,20.333,20.406,20.470,20.533,20.600,20.669,20.742,20.826,20.941,
    3 personas,11.754,11.802,11.845,11.891,11.937,11.983,12.031,12.083,12.133,12.189,12.245,12.304,12.366,12.436,12.499,12.572,
    4 personas,7.498,7.669,7.846,8.028,8.221,8.419,8.621,8.829,9.038,9.257,9.474,9.696,9.925,10.166,10.401,10.638,
    5 personas o más,2.008,2.072,2.136,2.198,2.259,2.317,2.373,2.429,2.481,2.532,2.579,2.625,2.669,2.712,2.754,2.792,
Burgos,
    Total,149.313,149.549,149.733,149.905,150.001,150.042,150.087,150.095,150.046,149.978,149.910,149.851,149.800,149.674,149.597,149.532,
    1 persona,51.878,51.596,51.309,51.002,50.649,50.256,49.864,49.443,48.973,48.490,48.007,47.525,47.046,46.482,45.975,45.422,
    2 personas,48.175,48.149,48.073,48.010,47.899,47.752,47.627,47.505,47.344,47.173,47.018,46.875,46.750,46.594,46.454,46.358,
    3 personas,25.464,25.671,25.871,26.070,26.274,26.477,26.680,26.884,27.097,27.314,27.532,27.749,27.965,28.195,28.413,28.654,
    4 personas,20.054,20.294,20.540,20.778,21.027,21.290,21.534,21.766,22.013,22.258,22.486,22.708,22.916,23.143,23.353,23.555,
    5 personas o más,3.741,3.839,3.940,4.044,4.152,4.267,4.382,4.497,4.618,4.743,4.866,4.994,5.124,5.261,5.401,5.544,
León,
    Total,191.691,192.360,192.998,193.601,194.187,194.736,195.301,195.854,196.372,196.869,197.343,197.845,198.367,198.824,199.381,199.972,
    1 persona,66.201,65.867,65.507,65.120,64.705,64.244,63.819,63.365,62.859,62.339,61.804,61.300,60.798,60.207,59.725,59.225,
    2 personas,67.567,67.660,67.725,67.769,67.795,67.814,67.803,67.787,67.760,67.691,67.620,67.543,67.471,67.395,67.310,67.278,
    3 personas,33.641,34.002,34.365,34.728,35.099,35.473,35.843,36.226,36.618,37.021,37.418,37.816,38.219,38.631,39.041,39.451,
    4 personas,20.075,20.495,20.931,21.375,21.835,22.304,22.781,23.265,23.762,24.275,24.786,25.294,25.805,26.329,26.850,27.365,
    5 personas o más,4.207,4.335,4.470,4.609,4.753,4.901,5.054,5.211,5.374,5.543,5.715,5.892,6.074,6.262,6.456,6.654,
Palencia,
    Total,63.894,64.182,64.444,64.686,64.898,65.117,65.300,65.470,65.625,65.779,65.936,66.103,66.279,66.428,66.597,66.790,
    1 persona,22.033,21.923,21.815,21.690,21.540,21.401,21.245,21.086,20.903,20.715,20.523,20.344,20.167,19.969,19.794,19.623,
    2 personas,21.460,21.516,21.541,21.559,21.562,21.561,21.530,21.480,21.433,21.376,21.330,21.280,21.225,21.165,21.096,21.054,
    3 personas,11.012,11.177,11.341,11.510,11.684,11.860,12.040,12.226,12.419,12.617,12.817,13.017,13.225,13.434,13.640,13.849,
    4 personas,7.212,7.348,7.490,7.633,7.783,7.935,8.093,8.257,8.422,8.596,8.768,8.940,9.117,9.294,9.479,9.657,
    5 personas o más,2.177,2.219,2.258,2.295,2.329,2.362,2.392,2.422,2.448,2.474,2.498,2.521,2.544,2.565,2.588,2.607,
Salamanca,
    Total,139.457,139.735,139.954,140.140,140.274,140.351,140.436,140.523,140.576,140.599,140.638,140.691,140.795,140.817,140.921,141.028,
    1 persona,49.242,48.844,48.417,47.953,47.452,46.889,46.343,45.793,45.198,44.592,43.973,43.399,42.848,42.197,41.655,41.068,
    2 personas,47.571,47.546,47.470,47.397,47.289,47.175,47.041,46.927,46.791,46.622,46.506,46.374,46.275,46.161,46.059,45.983,
    3 personas,24.618,24.908,25.198,25.488,25.778,26.062,26.352,26.638,26.934,27.231,27.522,27.803,28.082,28.374,28.641,28.919,
    4 personas,14.212,14.573,14.952,15.334,15.733,16.149,16.569,16.983,17.418,17.865,18.299,18.728,19.155,19.601,20.034,20.477,
    5 personas o más,3.814,3.864,3.918,3.968,4.021,4.076,4.130,4.182,4.234,4.288,4.338,4.387,4.435,4.485,4.532,4.581,
Segovia,
    Total,60.208,60.332,60.459,60.565,60.671,60.753,60.850,60.932,61.014,61.098,61.198,61.316,61.468,61.616,61.815,62.043,
    1 persona,18.359,18.283,18.207,18.124,18.038,17.939,17.852,17.752,17.652,17.555,17.465,17.390,17.336,17.269,17.248,17.239,
    2 personas,18.092,18.147,18.194,18.235,18.266,18.289,18.303,18.314,18.320,18.314,18.321,18.339,18.361,18.399,18.422,18.475,
    3 personas,11.642,11.661,11.679,11.692,11.707,11.719,11.733,11.744,11.756,11.772,11.786,11.799,11.814,11.832,11.852,11.872,
    4 personas,10.048,10.134,10.227,10.316,10.413,10.511,10.616,10.722,10.830,10.944,11.055,11.159,11.268,11.367,11.479,11.579,
    5 personas o más,2.066,2.108,2.153,2.198,2.246,2.296,2.347,2.401,2.456,2.513,2.570,2.629,2.689,2.749,2.814,2.878,
Soria,
    Total,36.822,36.888,36.955,37.013,37.059,37.102,37.131,37.163,37.180,37.202,37.216,37.254,37.286,37.320,37.364,37.417,
    1 persona,12.588,12.537,12.490,12.433,12.367,12.298,12.226,12.150,12.058,11.970,11.873,11.787,11.685,11.578,11.473,11.362,
    2 personas,12.125,12.092,12.058,12.020,11.970,11.924,11.863,11.809,11.752,11.689,11.632,11.587,11.549,11.506,11.475,11.449,
    3 personas,5.946,6.012,6.077,6.143,6.210,6.276,6.342,6.409,6.478,6.550,6.620,6.693,6.769,6.848,6.929,7.015,
    4 personas,4.460,4.547,4.633,4.724,4.820,4.916,5.016,5.117,5.221,5.329,5.435,5.540,5.649,5.763,5.874,5.990,
    5 personas o más,1.703,1.701,1.698,1.694,1.692,1.687,1.683,1.677,1.672,1.664,1.655,1.645,1.635,1.626,1.613,1.601,
Valladolid,
    Total,221.592,221.674,221.719,221.624,221.505,221.271,221.099,220.825,220.504,220.173,219.788,219.453,219.064,218.613,218.226,217.851,
    1 persona,72.207,71.553,70.892,70.127,69.345,68.479,67.678,66.844,65.927,65.023,64.111,63.256,62.406,61.477,60.673,59.893,
    2 personas,76.688,76.491,76.261,75.993,75.723,75.413,75.104,74.757,74.445,74.126,73.778,73.477,73.137,72.816,72.481,72.191,
    3 personas,40.584,40.916,41.243,41.557,41.873,42.180,42.490,42.780,43.079,43.374,43.658,43.923,44.178,44.434,44.666,44.874,
    4 personas,26.326,26.796,27.272,27.757,28.234,28.723,29.204,29.671,30.130,30.576,31.015,31.419,31.814,32.203,32.572,32.910,
    5 personas o más,5.787,5.917,6.052,6.191,6.331,6.475,6.623,6.773,6.923,7.074,7.227,7.377,7.528,7.681,7.834,7.983,
Zamora,
    Total,68.158,68.702,69.223,69.731,70.229,70.731,71.227,71.729,72.227,72.736,73.236,73.702,74.214,74.685,75.221,75.741,
    1 persona,23.973,23.967,23.956,23.928,23.883,23.814,23.755,23.703,23.624,23.549,23.456,23.340,23.245,23.095,23.011,22.897,
    2 personas,24.055,24.183,24.293,24.393,24.496,24.600,24.673,24.748,24.818,24.877,24.933,24.967,25.020,25.059,25.101,25.141,
    3 personas,11.750,11.957,12.160,12.367,12.576,12.798,13.023,13.243,13.478,13.719,13.963,14.208,14.458,14.717,14.973,15.232,
    4 personas,7.300,7.448,7.595,7.750,7.906,8.073,8.244,8.413,8.591,8.777,8.965,9.156,9.344,9.542,9.733,9.927,
    5 personas o más,1.080,1.147,1.218,1.292,1.368,1.446,1.532,1.623,1.716,1.816,1.919,2.031,2.147,2.272,2.404,2.544,
CASTILLA-LA MANCHA,
    Total,805.392,804.537,803.565,802.361,800.966,799.156,797.326,795.679,793.749,791.697,789.586,787.749,786.018,783.701,782.201,780.675,
    1 persona,225.416,223.405,221.400,219.237,216.897,214.233,211.634,209.151,206.430,203.577,200.582,197.817,195.194,191.677,189.194,186.388,
    2 personas,248.301,247.367,246.337,245.175,243.910,242.465,240.976,239.569,238.077,236.452,234.994,233.707,232.386,231.147,229.926,229.006,
    3 personas,157.289,157.617,157.858,158.095,158.332,158.554,158.763,158.955,159.189,159.471,159.749,159.998,160.240,160.628,160.856,161.164,
    4 personas,138.425,139.658,140.919,142.221,143.579,145.008,146.404,147.784,149.158,150.595,151.950,153.204,154.437,155.732,156.922,158.033,
    5 personas o más,35.961,36.491,37.051,37.634,38.248,38.896,39.548,40.220,40.896,41.602,42.311,43.024,43.762,44.517,45.302,46.083,
Albacete,
    Total,156.562,156.373,156.135,155.799,155.463,155.059,154.593,154.191,153.722,153.229,152.678,152.165,151.680,151.049,150.583,150.066,
    1 persona,45.591,45.152,44.692,44.162,43.636,43.046,42.442,41.864,41.244,40.589,39.901,39.229,38.581,37.757,37.143,36.418,
    2 personas,47.161,46.920,46.651,46.342,46.003,45.654,45.274,44.938,44.577,44.198,43.818,43.490,43.179,42.850,42.535,42.278,
    3 personas,31.508,31.522,31.522,31.519,31.514,31.506,31.483,31.461,31.440,31.425,31.396,31.360,31.315,31.291,31.230,31.182,
    4 personas,26.071,26.422,26.782,27.151,27.541,27.937,28.327,28.709,29.087,29.481,29.862,30.220,30.567,30.936,31.278,31.606,
    5 personas o más,6.231,6.357,6.488,6.625,6.769,6.916,7.067,7.219,7.373,7.535,7.700,7.867,8.037,8.215,8.397,8.582,
Ciudad Real,
    Total,192.704,192.966,193.219,193.367,193.466,193.455,193.467,193.473,193.403,193.338,193.249,193.250,193.235,193.040,193.033,192.995,
    1 persona,56.913,56.508,56.112,55.653,55.134,54.516,53.938,53.381,52.727,52.056,51.343,50.703,50.071,49.142,48.480,47.696,
    2 personas,61.066,60.885,60.699,60.448,60.173,59.854,59.498,59.127,58.731,58.298,57.918,57.582,57.162,56.796,56.394,56.069,
    3 personas,36.639,36.806,36.944,37.082,37.225,37.363,37.504,37.621,37.761,37.918,38.073,38.212,38.351,38.538,38.671,38.824,
    4 personas,31.838,32.277,32.720,33.175,33.648,34.145,34.649,35.151,35.668,36.210,36.718,37.205,37.727,38.261,38.780,39.285,
    5 personas o más,6.248,6.490,6.745,7.009,7.287,7.578,7.879,8.194,8.517,8.855,9.196,9.547,9.923,10.303,10.709,11.122,
Cuenca,
    Total,75.443,75.688,75.925,76.190,76.413,76.611,76.822,77.051,77.289,77.521,77.760,78.020,78.273,78.513,78.874,79.242,
    1 persona,20.937,20.913,20.897,20.885,20.855,20.812,20.779,20.748,20.724,20.695,20.646,20.613,20.569,20.455,20.476,20.475,
    2 personas,24.190,24.234,24.259,24.297,24.299,24.281,24.266,24.261,24.270,24.259,24.257,24.267,24.281,24.309,24.349,24.414,
    3 personas,14.846,14.890,14.927,14.968,15.009,15.049,15.088,15.124,15.164,15.207,15.258,15.302,15.349,15.419,15.466,15.526,
    4 personas,11.802,11.942,12.093,12.248,12.412,12.584,12.758,12.936,13.102,13.280,13.465,13.647,13.825,14.018,14.203,14.381,
    5 personas o más,3.669,3.708,3.750,3.792,3.837,3.884,3.932,3.981,4.029,4.080,4.134,4.191,4.249,4.313,4.379,4.446,
Guadalajara,
    Total,106.366,105.985,105.592,105.189,104.749,104.253,103.770,103.279,102.789,102.280,101.758,101.275,100.821,100.311,99.900,99.546,
    1 persona,27.587,27.376,27.179,26.975,26.760,26.522,26.305,26.086,25.881,25.677,25.462,25.296,25.158,24.961,24.874,24.815,
    2 personas,32.856,32.614,32.355,32.101,31.836,31.531,31.239,30.947,30.665,30.369,30.086,29.827,29.592,29.356,29.143,28.977,
    3 personas,19.951,20.038,20.113,20.186,20.249,20.312,20.375,20.436,20.499,20.562,20.622,20.677,20.735,20.800,20.856,20.923,
    4 personas,20.061,20.059,20.058,20.052,20.038,20.030,20.006,19.976,19.928,19.875,19.809,19.720,19.609,19.493,19.357,19.197,
    5 personas o más,5.910,5.897,5.886,5.875,5.865,5.858,5.845,5.833,5.816,5.797,5.779,5.756,5.727,5.701,5.670,5.633,
Toledo,
    Total,274.317,273.527,272.695,271.816,270.874,269.777,268.674,267.685,266.546,265.330,264.141,263.040,262.010,260.787,259.810,258.826,
    1 persona,74.388,73.456,72.520,71.562,70.511,69.337,68.171,67.071,65.854,64.560,63.230,61.976,60.813,59.360,58.222,56.985,
    2 personas,83.028,82.714,82.373,81.987,81.599,81.146,80.700,80.296,79.833,79.328,78.914,78.541,78.173,77.837,77.505,77.268,
    3 personas,54.345,54.361,54.352,54.340,54.334,54.324,54.314,54.314,54.325,54.358,54.400,54.447,54.489,54.581,54.633,54.709,
    4 personas,48.653,48.957,49.267,49.596,49.940,50.311,50.665,51.012,51.373,51.749,52.096,52.412,52.709,53.024,53.303,53.563,
    5 personas o más,13.904,14.038,14.182,14.332,14.490,14.659,14.824,14.992,15.161,15.335,15.501,15.663,15.826,15.985,16.146,16.301,
CATALUÑA,
    Total,3.445.343,3.423.930,3.401.708,3.378.087,3.353.200,3.326.618,3.299.096,3.270.545,3.240.634,3.209.269,3.177.270,3.144.638,3.110.969,3.074.970,3.040.092,3.004.281,
    1 persona,1.064.361,1.050.390,1.036.331,1.021.629,1.005.984,989.122,971.897,954.097,935.006,915.069,894.505,873.776,852.181,827.927,805.387,780.841,
    2 personas,1.077.709,1.070.073,1.062.013,1.053.542,1.044.982,1.035.892,1.026.416,1.016.863,1.007.367,997.432,988.192,979.100,970.153,961.173,951.900,943.175,
    3 personas,603.014,604.388,605.532,606.464,607.291,607.997,608.631,609.065,609.485,609.798,609.917,609.828,609.650,609.676,609.509,609.719,
    4 personas,488.624,489.812,490.977,492.062,493.050,494.166,495.238,496.182,497.037,497.867,498.298,498.414,498.345,498.383,498.319,498.352,
    5 personas o más,211.637,209.266,206.855,204.391,201.893,199.441,196.914,194.339,191.739,189.103,186.358,183.520,180.640,177.813,174.977,172.194,
Barcelona,
    Total,2.580.567,2.563.241,2.545.322,2.526.387,2.506.330,2.484.992,2.462.786,2.439.679,2.415.348,2.389.771,2.363.496,2.336.615,2.308.781,2.278.866,2.249.553,2.219.245,
    1 persona,822.118,810.641,799.113,787.089,774.194,760.359,746.110,731.270,715.245,698.437,680.935,663.199,644.622,623.728,603.876,582.209,
    2 personas,796.925,791.051,784.852,778.391,771.887,764.968,757.752,750.519,743.285,735.755,728.742,721.884,715.186,708.408,701.446,694.817,
    3 personas,443.538,444.663,445.620,446.425,447.139,447.778,448.332,448.726,449.115,449.390,449.504,449.410,449.223,449.199,448.979,449.067,
    4 personas,359.452,360.448,361.435,362.357,363.185,364.127,365.043,365.861,366.646,367.402,367.868,368.081,368.139,368.297,368.395,368.607,
    5 personas o más,158.533,156.437,154.302,152.126,149.924,147.759,145.548,143.303,141.058,138.787,136.446,134.042,131.611,129.235,126.856,124.545,
Girona,
    Total,320.997,319.494,317.893,316.185,314.424,312.477,310.512,308.487,306.438,304.258,302.055,299.936,297.771,295.477,293.412,291.382,
    1 persona,74.982,74.559,74.140,73.704,73.285,72.748,72.258,71.803,71.344,70.846,70.375,70.002,69.634,69.125,68.901,68.615,
    2 personas,106.218,105.549,104.823,104.058,103.258,102.404,101.525,100.592,99.683,98.684,97.726,96.812,95.888,94.951,93.981,93.073,
    3 personas,62.829,62.707,62.559,62.385,62.191,61.976,61.757,61.516,61.273,61.025,60.752,60.478,60.190,59.915,59.639,59.388,
    4 personas,52.011,51.981,51.942,51.889,51.831,51.777,51.705,51.621,51.511,51.407,51.257,51.069,50.862,50.664,50.451,50.249,
    5 personas o más,24.957,24.697,24.428,24.148,23.860,23.572,23.267,22.954,22.627,22.296,21.945,21.576,21.198,20.822,20.439,20.057,
Lleida,
    Total,192.604,191.926,191.191,190.339,189.445,188.461,187.473,186.451,185.365,184.225,183.101,181.956,180.730,179.470,178.286,177.089,
    1 persona,66.038,65.293,64.534,63.697,62.826,61.890,60.954,59.998,58.984,57.924,56.853,55.763,54.602,53.360,52.208,50.967,
    2 personas,57.825,57.724,57.600,57.444,57.278,57.076,56.875,56.663,56.435,56.189,55.982,55.775,55.527,55.329,55.102,54.945,
    3 personas,32.415,32.628,32.832,33.031,33.228,33.424,33.629,33.835,34.048,34.271,34.499,34.733,34.977,35.229,35.489,35.764,
    4 personas,26.440,26.456,26.466,26.478,26.494,26.521,26.539,26.553,26.572,26.592,26.598,26.597,26.614,26.623,26.636,26.644,
    5 personas o más,9.886,9.824,9.759,9.689,9.619,9.550,9.476,9.400,9.325,9.249,9.169,9.088,9.010,8.929,8.852,8.769,
Tarragona,
    Total,351.176,349.269,347.302,345.177,343.001,340.689,338.325,335.929,333.483,331.016,328.618,326.131,323.687,321.156,318.842,316.566,
    1 persona,101.222,99.897,98.544,97.140,95.679,94.124,92.575,91.025,89.434,87.862,86.342,84.812,83.323,81.713,80.401,79.050,
    2 personas,116.741,115.748,114.737,113.649,112.559,111.444,110.264,109.089,107.963,106.805,105.742,104.630,103.552,102.483,101.372,100.340,
    3 personas,64.232,64.390,64.521,64.623,64.733,64.820,64.913,64.987,65.049,65.112,65.162,65.208,65.260,65.333,65.401,65.500,
    4 personas,50.721,50.927,51.133,51.338,51.540,51.741,51.951,52.146,52.308,52.465,52.575,52.667,52.731,52.799,52.837,52.853,
    5 personas o más,18.260,18.307,18.365,18.427,18.490,18.560,18.623,18.682,18.730,18.771,18.797,18.815,18.821,18.828,18.830,18.824,
COMUNITAT VALENCIANA,
    Total,2.159.088,2.151.799,2.143.771,2.135.111,2.125.543,2.114.817,2.103.792,2.092.467,2.080.738,2.068.096,2.055.546,2.043.129,2.030.556,2.016.686,2.004.366,1.992.114,
    1 persona,611.905,606.384,600.725,594.902,588.537,581.405,574.469,567.642,560.587,553.170,546.080,539.533,533.255,525.325,519.884,513.924,
    2 personas,675.342,672.108,668.502,664.651,660.549,656.011,651.179,646.375,641.629,636.453,631.599,626.941,622.205,617.663,612.687,608.361,
    3 personas,426.614,427.188,427.582,427.833,428.007,428.093,428.111,427.979,427.823,427.638,427.295,426.810,426.217,425.880,425.251,424.810,
    4 personas,332.608,334.185,335.746,337.262,338.768,340.389,341.941,343.278,344.471,345.615,346.454,346.927,347.215,347.462,347.520,347.388,
    5 personas o más,112.619,111.933,111.215,110.463,109.682,108.919,108.092,107.193,106.228,105.220,104.118,102.918,101.664,100.357,99.024,97.630,
Alicante/Alacant,
    Total,848.947,843.992,838.699,833.032,826.961,820.329,813.533,806.526,799.365,791.638,783.925,776.215,768.362,760.111,752.412,744.718,
    1 persona,240.662,237.624,234.545,231.391,228.075,224.434,220.864,217.341,213.817,210.068,206.497,203.176,199.932,196.192,193.272,190.134,
    2 personas,268.715,267.407,265.943,264.323,262.560,260.612,258.587,256.485,254.402,252.012,249.726,247.460,245.136,242.927,240.593,238.405,
    3 personas,167.098,166.388,165.586,164.697,163.745,162.732,161.669,160.530,159.346,158.142,156.848,155.479,154.054,152.681,151.241,149.887,
    4 personas,129.467,129.671,129.838,129.963,130.065,130.176,130.208,130.160,130.017,129.870,129.581,129.139,128.612,128.038,127.395,126.746,
    5 personas o más,43.005,42.902,42.787,42.657,42.516,42.376,42.205,42.011,41.784,41.547,41.273,40.961,40.628,40.272,39.912,39.546,
Castellón/Castelló,
    Total,236.990,236.679,236.303,235.934,235.454,234.864,234.306,233.751,233.184,232.623,232.037,231.539,231.064,230.467,230.150,229.813,
    1 persona,70.574,69.905,69.202,68.523,67.748,66.871,66.061,65.244,64.408,63.564,62.703,61.942,61.197,60.278,59.730,59.119,
    2 personas,73.378,73.197,72.988,72.771,72.513,72.203,71.858,71.551,71.270,71.013,70.750,70.505,70.288,70.077,69.840,69.648,
    3 personas,44.308,44.717,45.114,45.515,45.923,46.338,46.762,47.175,47.600,48.031,48.466,48.899,49.341,49.826,50.282,50.763,
    4 personas,34.879,35.200,35.536,35.869,36.220,36.605,36.994,37.372,37.733,38.086,38.441,38.780,39.098,39.427,39.728,40.012,
    5 personas o más,13.851,13.660,13.463,13.256,13.050,12.848,12.631,12.409,12.173,11.929,11.676,11.413,11.139,10.860,10.571,10.271,
Valencia/València,
    Total,1.073.151,1.071.128,1.068.768,1.066.145,1.063.128,1.059.623,1.055.953,1.052.191,1.048.189,1.043.835,1.039.584,1.035.375,1.031.130,1.026.108,1.021.804,1.017.583,
    1 persona,300.669,298.856,296.978,294.988,292.714,290.101,287.544,285.057,282.362,279.538,276.880,274.415,272.125,268.855,266.882,264.671,
    2 personas,333.250,331.504,329.571,327.557,325.476,323.196,320.734,318.340,315.957,313.429,311.123,308.977,306.782,304.659,302.254,300.308,
    3 personas,215.208,216.083,216.881,217.621,218.338,219.023,219.681,220.274,220.877,221.465,221.981,222.432,222.822,223.373,223.728,224.160,
    4 personas,168.262,169.314,170.372,171.430,172.483,173.608,174.739,175.747,176.721,177.659,178.432,179.008,179.505,179.997,180.397,180.631,
    5 personas o más,55.763,55.371,54.965,54.549,54.117,53.696,53.256,52.773,52.270,51.744,51.168,50.544,49.897,49.225,48.542,47.812,
EXTREMADURA,
    Total,438.072,437.925,437.655,437.399,436.903,436.205,435.503,434.876,434.089,433.121,432.202,431.399,430.679,429.640,428.900,428.175,
    1 persona,136.146,134.841,133.472,132.156,130.638,128.913,127.237,125.661,123.913,122.019,120.115,118.388,116.784,114.753,113.068,111.357,
    2 personas,146.972,146.122,145.174,144.193,143.105,141.945,140.729,139.500,138.237,136.855,135.567,134.270,132.969,131.684,130.447,129.258,
    3 personas,79.448,80.047,80.614,81.156,81.699,82.246,82.789,83.316,83.857,84.416,84.960,85.471,85.948,86.463,86.931,87.398,
    4 personas,64.066,65.077,66.134,67.195,68.300,69.455,70.606,71.748,72.905,74.108,75.275,76.411,77.525,78.672,79.757,80.819,
    5 personas o más,11.440,11.838,12.261,12.700,13.160,13.646,14.142,14.652,15.177,15.724,16.285,16.860,17.452,18.068,18.697,19.343,
Badajoz,
    Total,275.914,275.442,274.900,274.378,273.682,272.849,272.020,271.269,270.378,269.371,268.407,267.526,266.691,265.657,264.818,263.966,
    1 persona,82.298,81.369,80.390,79.469,78.406,77.194,76.019,74.959,73.763,72.474,71.187,70.018,68.948,67.599,66.491,65.356,
    2 personas,90.097,89.335,88.550,87.735,86.854,85.944,84.997,84.045,83.072,82.013,81.033,80.061,79.076,78.127,77.197,76.298,
    3 personas,52.712,52.969,53.209,53.428,53.640,53.851,54.059,54.240,54.425,54.619,54.794,54.945,55.065,55.202,55.303,55.399,
    4 personas,43.509,44.177,44.852,45.528,46.229,46.954,47.679,48.386,49.098,49.844,50.560,51.246,51.910,52.583,53.215,53.825,
    5 personas o más,7.299,7.593,7.900,8.219,8.554,8.905,9.267,9.638,10.020,10.421,10.833,11.256,11.692,12.145,12.611,13.090,
Cáceres,
    Total,162.158,162.483,162.755,163.021,163.220,163.357,163.483,163.607,163.711,163.750,163.795,163.873,163.987,163.984,164.082,164.208,
    1 persona,53.848,53.471,53.082,52.687,52.232,51.719,51.219,50.702,50.150,49.545,48.929,48.370,47.835,47.154,46.577,46.002,
    2 personas,56.876,56.787,56.624,56.458,56.251,56.000,55.732,55.455,55.166,54.841,54.534,54.208,53.893,53.557,53.249,52.960,
    3 personas,26.736,27.079,27.406,27.728,28.058,28.396,28.730,29.076,29.432,29.796,30.166,30.527,30.883,31.261,31.628,31.999,
    4 personas,20.557,20.900,21.282,21.667,22.071,22.501,22.927,23.361,23.807,24.264,24.715,25.165,25.616,26.089,26.542,26.995,
    5 personas o más,4.142,4.245,4.361,4.481,4.607,4.740,4.875,5.014,5.157,5.303,5.451,5.604,5.760,5.923,6.086,6.253,
GALICIA,
    Total,1.097.747,1.098.092,1.098.283,1.098.234,1.097.854,1.097.202,1.096.552,1.095.686,1.094.623,1.093.398,1.092.019,1.090.524,1.088.748,1.086.714,1.084.875,1.083.061,
    1 persona,322.681,320.274,317.802,315.164,312.247,309.122,306.104,302.889,299.525,296.116,292.635,289.262,285.777,282.081,278.801,275.484,
    2 personas,360.876,359.324,357.733,356.125,354.450,352.722,350.994,349.408,347.884,346.325,344.859,343.321,341.654,339.961,338.189,336.544,
    3 personas,223.419,224.934,226.389,227.791,229.175,230.523,231.838,233.099,234.320,235.498,236.614,237.666,238.683,239.700,240.624,241.550,
    4 personas,146.234,147.859,149.455,151.027,152.604,154.181,155.667,157.048,158.348,159.584,160.700,161.709,162.681,163.619,164.460,165.222,
    5 personas o más,44.537,45.703,46.904,48.128,49.378,50.654,51.949,53.242,54.546,55.876,57.211,58.566,59.953,61.353,62.801,64.262,
Coruña, A,
    Total,452.202,452.566,452.833,453.049,453.113,453.054,453.027,452.920,452.727,452.450,452.124,451.789,451.325,450.754,450.246,449.745,
    1 persona,127.663,127.033,126.369,125.671,124.860,123.956,123.131,122.236,121.308,120.362,119.401,118.528,117.629,116.663,115.871,115.065,
    2 personas,148.921,148.253,147.551,146.866,146.151,145.417,144.715,144.063,143.411,142.735,142.117,141.504,140.829,140.139,139.397,138.704,
    3 personas,92.884,93.529,94.147,94.743,95.331,95.907,96.462,97.001,97.517,98.017,98.491,98.927,99.335,99.742,100.117,100.493,
    4 personas,61.708,62.339,62.959,63.564,64.167,64.767,65.313,65.825,66.306,66.761,67.159,67.497,67.815,68.117,68.382,68.621,
    5 personas o más,21.027,21.412,21.807,22.205,22.605,23.007,23.406,23.796,24.185,24.575,24.955,25.334,25.717,26.094,26.479,26.862,
Lugo,
    Total,132.525,132.823,133.124,133.383,133.623,133.859,134.069,134.283,134.483,134.690,134.886,135.068,135.245,135.412,135.621,135.866,
    1 persona,40.571,40.412,40.242,40.044,39.822,39.593,39.340,39.078,38.798,38.516,38.225,37.923,37.607,37.266,36.970,36.677,
    2 personas,44.980,44.911,44.842,44.764,44.669,44.574,44.470,44.380,44.301,44.213,44.140,44.053,43.965,43.880,43.798,43.738,
    3 personas,26.880,27.061,27.244,27.422,27.606,27.788,27.970,28.155,28.335,28.519,28.694,28.872,29.050,29.229,29.397,29.570,
    4 personas,14.787,14.986,15.189,15.391,15.602,15.816,16.030,16.240,16.444,16.654,16.856,17.059,17.264,17.475,17.679,17.885,
    5 personas o más,5.306,5.454,5.607,5.762,5.923,6.088,6.258,6.430,6.605,6.787,6.972,7.162,7.360,7.563,7.777,7.997,
Ourense,
    Total,127.278,127.660,128.048,128.411,128.746,129.080,129.437,129.761,130.075,130.392,130.697,131.026,131.344,131.630,132.003,132.390,
    1 persona,41.298,41.130,40.967,40.782,40.564,40.340,40.128,39.883,39.606,39.333,39.034,38.770,38.494,38.165,37.927,37.679,
    2 personas,44.010,44.090,44.163,44.234,44.295,44.345,44.400,44.475,44.575,44.674,44.778,44.887,44.971,45.059,45.145,45.250,
    3 personas,24.819,25.039,25.257,25.472,25.695,25.921,26.150,26.372,26.597,26.818,27.042,27.262,27.491,27.730,27.962,28.195,
    4 personas,14.111,14.256,14.404,14.550,14.698,14.855,15.009,15.150,15.281,15.410,15.539,15.655,15.779,15.905,16.027,16.146,
    5 personas o más,3.040,3.146,3.258,3.373,3.493,3.619,3.749,3.882,4.017,4.157,4.303,4.451,4.608,4.771,4.942,5.121,
Pontevedra,
    Total,385.742,385.043,384.279,383.391,382.372,381.209,380.020,378.722,377.338,375.866,374.312,372.642,370.834,368.918,367.005,365.060,
    1 persona,113.149,111.699,110.225,108.667,107.001,105.233,103.505,101.693,99.812,97.904,95.975,94.041,92.047,89.987,88.033,86.063,
    2 personas,122.964,122.070,121.178,120.261,119.335,118.386,117.408,116.490,115.597,114.703,113.823,112.878,111.889,110.883,109.849,108.853,
    3 personas,78.836,79.306,79.741,80.154,80.543,80.907,81.256,81.571,81.872,82.144,82.388,82.606,82.806,82.999,83.148,83.292,
    4 personas,55.628,56.277,56.903,57.522,58.137,58.743,59.315,59.834,60.317,60.759,61.146,61.498,61.823,62.123,62.372,62.570,
    5 personas o más,15.165,15.691,16.232,16.787,17.356,17.940,18.535,19.134,19.739,20.356,20.980,21.619,22.269,22.926,23.603,24.282,
MADRID, COMUNIDAD DE,
    Total,2.954.363,2.935.511,2.915.841,2.895.162,2.873.033,2.849.433,2.825.620,2.801.278,2.775.936,2.749.675,2.723.035,2.696.373,2.669.772,2.641.726,2.615.410,2.589.061,
    1 persona,796.535,788.721,780.823,772.717,763.800,754.040,744.739,735.564,725.886,716.007,706.348,697.509,689.237,679.677,672.450,664.929,
    2 personas,904.603,897.588,890.057,882.436,874.323,865.627,856.915,848.326,839.602,830.575,821.795,813.296,805.120,796.935,789.077,781.600,
    3 personas,557.561,556.837,555.874,554.652,553.272,551.760,550.019,548.000,545.876,543.549,540.952,537.982,534.749,531.584,528.035,524.592,
    4 personas,494.073,493.288,492.530,491.423,490.307,489.243,487.874,486.119,484.157,482.025,479.438,476.259,472.614,468.785,464.504,460.004,
    5 personas o más,201.591,199.077,196.558,193.933,191.331,188.763,186.074,183.269,180.415,177.520,174.502,171.328,168.052,164.745,161.344,157.937,
MURCIA, REGIÓN DE,
    Total,616.940,612.370,607.649,602.829,597.791,592.534,587.200,581.851,576.391,570.971,565.540,560.293,554.971,549.473,544.328,539.087,
    1 persona,149.990,147.739,145.427,143.079,140.612,137.979,135.357,132.727,129.987,127.320,124.666,122.156,119.590,116.724,114.353,111.715,
    2 personas,188.712,186.568,184.371,182.120,179.757,177.290,174.729,172.183,169.686,167.146,164.682,162.386,160.076,157.842,155.541,153.380,
    3 personas,124.968,124.247,123.489,122.721,121.926,121.111,120.295,119.480,118.678,117.885,117.079,116.277,115.492,114.775,114.025,113.335,
    4 personas,106.306,106.739,107.169,107.600,108.055,108.560,109.073,109.573,110.029,110.488,110.878,111.167,111.439,111.696,111.919,112.115,
    5 personas o más,46.964,47.076,47.193,47.310,47.439,47.594,47.745,47.889,48.011,48.132,48.235,48.307,48.374,48.437,48.490,48.541,
NAVARRA, COMUNIDAD FORAL DE,
    Total,275.409,274.266,273.070,271.845,270.550,269.207,267.898,266.529,265.167,263.750,262.330,260.959,259.598,258.222,256.992,255.840,
    1 persona,75.686,75.110,74.538,73.990,73.400,72.762,72.205,71.620,71.053,70.501,69.970,69.527,69.131,68.751,68.556,68.430,
    2 personas,83.967,83.507,82.993,82.456,81.888,81.343,80.783,80.210,79.663,79.046,78.469,77.922,77.373,76.851,76.324,75.842,
    3 personas,51.088,51.057,51.018,50.966,50.914,50.855,50.792,50.728,50.664,50.591,50.509,50.423,50.330,50.232,50.125,50.017,
    4 personas,45.870,46.021,46.178,46.325,46.475,46.612,46.734,46.843,46.928,47.019,47.070,47.074,47.053,46.998,46.920,46.815,
    5 personas o más,18.798,18.570,18.342,18.107,17.872,17.634,17.384,17.128,16.859,16.593,16.312,16.014,15.710,15.391,15.067,14.735,
PAÍS VASCO,
    Total,964.974,961.878,958.646,955.264,951.644,947.746,943.801,939.692,935.345,930.786,926.248,921.900,917.432,912.664,908.018,903.439,
    1 persona,312.138,308.654,305.109,301.426,297.492,293.296,289.157,284.866,280.329,275.747,271.161,266.875,262.520,257.865,253.539,249.152,
    2 personas,326.688,324.314,321.857,319.473,317.111,314.708,312.219,309.769,307.337,304.719,302.331,300.080,297.885,295.705,293.375,291.341,
    3 personas,155.307,157.068,158.817,160.524,162.237,163.941,165.662,167.390,169.146,170.909,172.630,174.316,175.987,177.690,179.374,181.081,
    4 personas,129.960,131.198,132.464,133.701,134.934,136.200,137.447,138.651,139.836,141.040,142.115,143.022,143.861,144.680,145.474,146.125,
    5 personas o más,40.881,40.644,40.400,40.140,39.870,39.600,39.316,39.016,38.698,38.372,38.012,37.607,37.179,36.725,36.256,35.740,
Araba/Álava,
    Total,150.435,149.840,149.197,148.588,147.908,147.195,146.496,145.777,145.032,144.272,143.526,142.808,142.092,141.360,140.681,140.068,
    1 persona,48.577,48.164,47.735,47.321,46.850,46.356,45.901,45.426,44.930,44.448,43.985,43.582,43.205,42.807,42.498,42.251,
    2 personas,48.157,47.992,47.788,47.633,47.472,47.303,47.129,46.969,46.826,46.658,46.529,46.412,46.307,46.217,46.128,46.075,
    3 personas,24.013,24.140,24.267,24.385,24.506,24.624,24.742,24.861,24.979,25.098,25.205,25.305,25.398,25.488,25.569,25.650,
    4 personas,21.798,21.797,21.804,21.799,21.790,21.785,21.767,21.743,21.705,21.670,21.611,21.528,21.427,21.324,21.203,21.062,
    5 personas o más,7.891,7.748,7.602,7.450,7.290,7.127,6.956,6.778,6.591,6.399,6.195,5.980,5.756,5.524,5.283,5.031,
Bizkaia,
    Total,515.414,513.679,511.826,509.828,507.690,505.369,503.017,500.554,497.890,495.097,492.263,489.465,486.592,483.503,480.425,477.324,
    1 persona,180.620,178.152,175.598,172.899,170.052,167.011,163.969,160.816,157.462,154.031,150.533,147.114,143.591,139.857,136.221,132.461,
    2 personas,177.342,175.985,174.553,173.151,171.732,170.290,168.804,167.328,165.811,164.207,162.705,161.245,159.852,158.425,156.911,155.562,
    3 personas,83.368,84.430,85.497,86.547,87.598,88.649,89.717,90.791,91.881,92.986,94.073,95.139,96.201,97.290,98.369,99.460,
    4 personas,58.032,58.996,59.998,60.986,61.992,63.024,64.052,65.062,66.092,67.139,68.134,69.072,69.979,70.894,71.815,72.674,
    5 personas o más,16.053,16.114,16.181,16.245,16.315,16.394,16.476,16.557,16.643,16.734,16.819,16.895,16.968,17.038,17.109,17.168,
Gipuzkoa,
    Total,299.125,298.359,297.623,296.848,296.046,295.182,294.287,293.360,292.423,291.417,290.458,289.627,288.748,287.801,286.911,286.047,
    1 persona,82.941,82.338,81.776,81.206,80.590,79.929,79.287,78.624,77.936,77.267,76.643,76.179,75.723,75.201,74.820,74.441,
    2 personas,101.190,100.336,99.516,98.689,97.908,97.114,96.286,95.472,94.699,93.853,93.097,92.422,91.726,91.062,90.335,89.704,
    3 personas,47.926,48.498,49.052,49.593,50.133,50.668,51.202,51.738,52.285,52.825,53.352,53.872,54.388,54.913,55.436,55.971,
    4 personas,50.131,50.404,50.662,50.916,51.151,51.391,51.628,51.846,52.039,52.231,52.369,52.421,52.455,52.462,52.456,52.390,
    5 personas o más,16.937,16.782,16.617,16.445,16.264,16.079,15.884,15.681,15.464,15.240,14.998,14.733,14.456,14.163,13.863,13.542,
RIOJA, LA,
    Total,133.262,133.113,132.921,132.708,132.467,132.175,131.867,131.575,131.257,130.948,130.617,130.363,130.101,129.839,129.632,129.498,
    1 persona,41.014,40.761,40.488,40.215,39.911,39.569,39.230,38.905,38.559,38.235,37.896,37.632,37.365,37.087,36.893,36.740,
    2 personas,42.952,42.800,42.637,42.457,42.279,42.090,41.884,41.702,41.520,41.315,41.125,40.959,40.789,40.627,40.441,40.322,
    3 personas,24.311,24.459,24.598,24.728,24.860,24.981,25.105,25.221,25.335,25.451,25.558,25.666,25.776,25.889,25.997,26.100,
    4 personas,18.852,18.969,19.083,19.200,19.318,19.442,19.565,19.675,19.785,19.903,20.010,20.101,20.191,20.281,20.372,20.441,
    5 personas o más,6.132,6.125,6.116,6.108,6.099,6.093,6.084,6.071,6.057,6.044,6.028,6.005,5.980,5.955,5.929,5.896,
Ceuta,
    Total,34.291,33.910,33.509,33.088,32.665,32.240,31.794,31.344,30.892,30.401,29.917,29.412,28.890,28.330,27.744,27.111,
    1 persona,10.459,10.199,9.923,9.631,9.337,9.044,8.731,8.417,8.096,7.743,7.387,7.009,6.611,6.168,5.687,5.141,
    2 personas,7.925,7.818,7.707,7.588,7.468,7.344,7.215,7.081,6.947,6.796,6.655,6.508,6.361,6.200,6.038,5.875,
    3 personas,5.828,5.814,5.797,5.781,5.765,5.749,5.733,5.717,5.702,5.686,5.674,5.664,5.656,5.652,5.651,5.656,
    4 personas,6.300,6.238,6.175,6.113,6.050,5.985,5.923,5.862,5.799,5.744,5.683,5.624,5.564,5.510,5.459,5.412,
    5 personas o más,3.779,3.841,3.907,3.975,4.045,4.118,4.192,4.268,4.348,4.432,4.518,4.607,4.699,4.800,4.909,5.026,
Melilla,
    Total,32.308,31.916,31.517,31.111,30.698,30.302,29.901,29.486,29.090,28.696,28.318,27.941,27.577,27.211,26.870,26.556,
    1 persona,6.755,6.632,6.508,6.376,6.245,6.121,5.990,5.852,5.717,5.581,5.453,5.318,5.192,5.046,4.914,4.791,
    2 personas,6.117,6.088,6.057,6.033,5.998,5.980,5.957,5.927,5.910,5.893,5.886,5.883,5.879,5.874,5.876,5.883,
    3 personas,5.872,5.786,5.694,5.604,5.512,5.420,5.330,5.239,5.153,5.068,4.982,4.900,4.818,4.741,4.668,4.599,
    4 personas,7.821,7.697,7.572,7.445,7.321,7.193,7.070,6.948,6.825,6.705,6.582,6.460,6.341,6.229,6.119,6.013,
    5 personas o más,5.743,5.714,5.685,5.654,5.622,5.588,5.554,5.520,5.485,5.450,5.415,5.379,5.347,5.320,5.293,5.270,